title,score,len_title,id,url,comms_num,created,body,timestamp
I drew all the boys together and i did it for the internet,161525,58,c3p3dy,https://i.redd.it/yb3996njhw531.jpg,3813,1561235010.0,,2019-06-23 06:23:30
For real though,138718,15,bpet7l,https://i.redd.it/m16dhaqyply21.jpg,1533,1558053543.0,,2019-05-17 10:39:03
Actual Air Force Brief My Cousin Had to Sit Through,133511,51,cfbgj1,https://i.redd.it/kg5zwmj03bb31.jpg,2709,1563590782.0,,2019-07-20 12:46:22
Guess who?,131199,10,a98ok5,https://i.redd.it/rmkrcvhgha621.jpg,3080,1545713763.0,,2018-12-25 15:56:03
Humans are much interest,122992,24,bbmqf8,https://i.redd.it/snpse0ru6gr21.png,1244,1554935647.0,,2019-04-11 08:34:07
I bought a label maker for this joke,119184,36,ci6iy0,https://i.redd.it/1h7yhpeqxoc31.jpg,1792,1564194359.0,,2019-07-27 12:25:59
*confused screaming*,118333,20,ccbaae,https://i.redd.it/br2jtl6oqv931.jpg,1193,1562969180.0,,2019-07-13 08:06:20
True lov3,117377,9,ayaw9i,https://i.redd.it/6u482nnn4ok21.jpg,656,1551980837.0,,2019-03-08 04:47:17
Maybe if i become a dog i would be happy too,113005,44,cg0t5s,https://i.redd.it/72m3vhcdnob31.jpg,506,1563755018.0,,2019-07-22 10:23:38
beautiful,111807,9,aqwsca,https://i.redd.it/uzg4sgualqg21.jpg,1131,1550267797.0,,2019-02-16 08:56:37
What did you say to me?,109932,23,cgbi1l,https://i.redd.it/44bwzu551ub31.jpg,610,1563820182.0,,2019-07-23 04:29:42
Everyone loves Elon-san,108517,23,bxdjku,https://i.redd.it/0wtkrro3no231.jpg,727,1559832296.0,,2019-06-07 00:44:56
tHiS Is sArCAsM,107379,15,bv5g9w,https://i.redd.it/8e0f9l7coi131.jpg,1132,1559324221.0,,2019-06-01 03:37:01
I wish i could get one too,107220,26,ccop8z,https://i.redd.it/fec4b1gvb2a31.jpg,714,1563048953.0,,2019-07-14 06:15:53
maybe she won't notice,106294,22,ce9ckp,https://i.redd.it/brufv00xata31.jpg,739,1563375514.0,,2019-07-18 00:58:34
3am jokes be like,105617,17,cj3x5o,https://i.redd.it/7qlo9tja25d31.jpg,764,1564389595.0,,2019-07-29 18:39:55
"Sorry, I can‚Äôt give that to you right now",105594,41,aesy7e,https://i.redd.it/1t93hl1ewq921.jpg,1298,1547220053.0,,2019-01-12 02:20:53
Life is full of surprises,104983,25,c6z66a,https://i.redd.it/ogksdd0zva731.jpg,638,1561845020.0,,2019-06-30 07:50:20
He's got a bright future,104934,24,c55oxy,https://i.imgur.com/m7oaT8B.jpg,682,1561483262.0,,2019-06-26 03:21:02
I‚Äôm just saying,104023,15,bzsfol,https://i.redd.it/vo16y84gzx331.jpg,1088,1560381255.0,,2019-06-13 09:14:15
F. For my boy,103283,13,ccf1fc,https://i.redd.it/xibiumip6x931.jpg,896,1562986679.0,,2019-07-13 12:57:59
Avengers got it all wrong,102151,25,cdedff,https://i.redd.it/jz6b2vwl5fa31.jpg,1156,1563204236.0,,2019-07-16 01:23:56
Keanu Reeves Awesome,101383,20,bz84i3,https://i.redd.it/j8ex4wadqn331.jpg,464,1560257134.0,,2019-06-11 22:45:34
Save the doggos!,100990,16,c9j827,https://i.redd.it/s14p999f0j831.jpg,1141,1562379222.0,,2019-07-06 12:13:42
Passive aggressive fridges out here making life annoying,100697,56,cfk066,https://i.redd.it/q4di9ae7hfb31.png,626,1563644039.0,,2019-07-21 03:33:59
‚ÄúIt‚Äôs up to you‚Äù,100525,16,cjstzl,https://i.redd.it/i0qdjsl7fgd31.jpg,926,1564527115.0,,2019-07-31 08:51:55
Instagram Refugee detected,100167,26,cjf1m5,https://i.redd.it/kooq6c4baad31.jpg,1983,1564452825.0,,2019-07-30 12:13:45
thanks google,99560,13,b06l04,https://i.redd.it/2o8jpm529ol21.png,907,1552418190.0,,2019-03-13 06:16:30
An informative meme.,98449,20,c9323r,https://i.redd.it/4ogxe1gmoa831.jpg,562,1562278400.0,,2019-07-05 08:13:20
high iq meme here,98325,17,cit02f,https://i.redd.it/9fjrtzx5xzc31.jpg,1382,1564327340.0,,2019-07-29 01:22:20
European Redditors when they hear Article 13 passes,97557,51,b5we5p,https://i.redd.it/aimfl3lejjo21.png,1385,1553668666.0,,2019-03-27 17:37:46
This is for the pianists out there.,97463,35,c7bqba,https://i.redd.it/yezsyiqj3h731.jpg,1000,1561920211.0,,2019-07-01 04:43:31
Sorry i don't speak oil,97399,23,aoel7t,https://i.redd.it/f9s9azch3bf21.jpg,744,1549643803.0,,2019-02-09 03:36:43
What comes after thunder...,96785,27,b2euu0,https://i.redd.it/wlfvzaftdtm21.jpg,528,1552916137.0,,2019-03-19 00:35:37
Party time,96501,10,bviqzo,https://i.redd.it/s2692nr8jp131.jpg,625,1559407285.0,,2019-06-02 02:41:25
Scary but true,95922,14,ch183z,https://i.redd.it/sqkqp6e2h5c31.jpg,571,1563958714.0,,2019-07-24 18:58:34
Disney bad,95639,10,c9sfsr,https://i.redd.it/6ij9ardh1o831.jpg,1243,1562440113.0,,2019-07-07 05:08:33
RIP to that ice cream machine,95473,29,azsst9,https://i.redd.it/6lbyi97jfhl21.jpg,649,1552335583.0,,2019-03-12 07:19:43
I drew my favourite meme üêõüí°,94162,27,cd241r,https://i.redd.it/odqm10rab9a31.jpg,475,1563133507.0,,2019-07-15 05:45:07
Necessary information before an answer,93770,38,ck92fq,https://i.redd.it/c6xwcflcdnd31.png,802,1564611338.0,,2019-08-01 08:15:38
Now where could my files be?,93444,28,c62qtk,https://i.redd.it/p3xsfblyuu631.jpg,468,1561650970.0,,2019-06-28 01:56:10
Coming soon...,92743,14,aksuqp,https://i.redd.it/lk11yuasn8d21.jpg,759,1548742617.0,,2019-01-29 17:16:57
I M G F L I P,92707,13,chj630,https://i.redd.it/0y67un0qrdc31.jpg,972,1564059158.0,,2019-07-25 22:52:38
What a madlad,92581,13,bk9y1u,https://i.imgur.com/pSOLqZL.jpg,943,1556927129.0,,2019-05-04 09:45:29
Need to refill the blinker fluid.,92520,33,c7ghoh,https://i.redd.it/6wz61aj2ui731.jpg,619,1561941236.0,,2019-07-01 10:33:56
A for effort,92364,12,b4z83x,https://i.redd.it/tnjpbh30v3o21.jpg,655,1553478834.0,,2019-03-25 12:53:54
"We have to defend Steve Irwin's memory, PETA has gone too far.",92141,62,atskxw,https://i.redd.it/3mvlrwk0n9i21.jpg,1940,1550933700.0,,2019-02-24 01:55:00
I'll give you permissions!,91925,26,chl14g,https://i.redd.it/9k6frpa4vec31.png,544,1564072595.0,,2019-07-26 02:36:35
Star Wars,91389,9,azxhr1,https://i.redd.it/n09weillijl21.jpg,584,1552360828.0,,2019-03-12 14:20:28
Here we go again,91290,16,c20n8m,https://i.redd.it/4g19cur6f3531.jpg,810,1560882942.0,,2019-06-19 04:35:42
Being bored at school be like,91132,29,b0cchw,https://i.redd.it/i4zlrjy6vql21.jpg,753,1552449812.0,,2019-03-13 15:03:32
Classic Germany,90963,15,c442tv,https://i.redd.it/ufy91pdzq3631.jpg,1691,1561322747.0,,2019-06-24 06:45:47
Destroyed with logic...,90248,23,apeydr,https://i.redd.it/qzjyxp2q2xf21.jpg,904,1549909898.0,,2019-02-12 05:31:38
Happy Accidents aren't we all,89920,29,c0qtwg,https://i.redd.it/q5plki7lqe431.jpg,403,1560584094.0,,2019-06-15 17:34:54
It really do be like that,89892,25,c7jc0h,https://i.redd.it/5g0zhl8v2k731.png,1061,1561956312.0,,2019-07-01 14:45:12
I made the worlds longest meme! (20 memes),89711,42,c7pxhr,https://i.redd.it/vk9qm56fhn731.jpg,1770,1561997583.0,,2019-07-02 02:13:03
Reddit for mobile>Reddit for PC,89663,31,ahlljx,https://i.redd.it/m7usolyyfdb21.jpg,1419,1547928840.0,,2019-01-20 07:14:00
It definitely is,89461,16,ck7e3g,https://i.redd.it/sotxz9bwmmd31.jpg,2166,1564602344.0,,2019-08-01 05:45:44
Selfish bastard,89180,15,bgodik,https://i.redd.it/nrd5x96g44u21.jpg,586,1556097104.0,,2019-04-24 19:11:44
This is wholesome,88915,17,anhi7m,https://i.redd.it/luce08zttse21.jpg,612,1549422636.0,,2019-02-06 14:10:36
These statues I saw at the antique mall reminded me of something,88881,64,c2534t,https://i.redd.it/pgnouf0bg5531.jpg,421,1560907537.0,,2019-06-19 11:25:37
epic win,88837,8,cc3qj9,https://i.redd.it/5bmaw1lepr931.jpg,1198,1562920325.0,,2019-07-12 18:32:05
hol‚Äô up,88809,7,anv6p0,https://i.redd.it/txgo9qmvd0f21.jpg,1025,1549514122.0,,2019-02-07 15:35:22
Reddit version for obvious reasons,87910,34,ck4umz,https://i.redd.it/oc3bevan7ld31.jpg,2334,1564585106.0,,2019-08-01 00:58:26
High effort aquameme,87877,20,a4zi5o,https://i.redd.it/3oiotkv4hi321.jpg,375,1544502966.0,,2018-12-11 15:36:06
Such a powerful quote,87583,21,chzo66,https://i.redd.it/8ytc21zqllc31.jpg,458,1564154002.0,,2019-07-27 01:13:22
The trilogy has been completed,87326,30,azqbdt,https://i.redd.it/6z58ivcjvfl21.jpg,887,1552316751.0,,2019-03-12 02:05:51
Guess I‚Äôll just creep around now...,87065,35,cbr31v,https://i.redd.it/2gz4uascnl931.jpg,594,1562846994.0,,2019-07-11 22:09:54
I was born in the wrong generation >:(,86872,38,ark7tp,https://i.redd.it/13q44l9aj4h21.jpg,474,1550436064.0,,2019-02-18 07:41:04
what have i done,86811,16,ch4tbs,https://i.redd.it/0j2ih1zha7c31.jpg,836,1563980800.0,,2019-07-25 01:06:40
We have reached the pinnacle of evolution,86676,41,brm3o4,https://i.redd.it/91wx55j03qz21.jpg,573,1558542208.0,,2019-05-23 02:23:28
True story,86630,10,cgtvrr,https://i.redd.it/9vilsdyzk2c31.jpg,611,1563923715.0,,2019-07-24 09:15:15
Let's see who is normie,86441,23,aqut8f,https://i.redd.it/f8yfx3w78pg21.jpg,847,1550250753.0,,2019-02-16 04:12:33
*Baby crying intensifies*,86422,25,bk6f8i,https://i.redd.it/1zpi7i22syv21.jpg,425,1556904151.0,,2019-05-04 03:22:31
This is too sad üòî,86229,17,cc7mad,https://i.redd.it/yndsphklpt931.jpg,786,1562944604.0,,2019-07-13 01:16:44
A 1$ solution,85744,13,bzorev,https://i.redd.it/b36z9ggk3w331.jpg,728,1560358429.0,,2019-06-13 02:53:49
Rare non-area-51 meme,85690,21,ccx0t1,https://i.redd.it/4q7xd6q756a31.jpg,422,1563095141.0,,2019-07-14 19:05:41
The only reason to live that long,85439,33,ah1wi4,https://i.redd.it/kjja6qsbj1b21.jpg,1458,1547784668.0,,2019-01-18 15:11:08
Sign me up!,85028,11,byh7mx,https://i.redd.it/3qwnxddes9331.png,455,1560088342.0,,2019-06-09 23:52:22
Ask some real questions,84853,23,ayge9j,https://i.redd.it/ohprqkfgxqk21.jpg,982,1552014730.0,,2019-03-08 14:12:10
Harry Potter and the gulag of secrets,84766,37,axjitj,https://i.redd.it/9mhnro2sx9k21.jpg,493,1551809017.0,,2019-03-06 05:03:37
It‚Äôs the aliens again,84667,21,ba54x0,https://i.redd.it/elru4rztrnq21.jpg,687,1554591601.0,,2019-04-07 09:00:01
Im going to get one,84445,19,c79nm5,https://i.redd.it/9q7okk4elf731.jpg,452,1561901997.0,,2019-06-30 23:39:57
True torture,84184,12,bq352x,https://i.redd.it/tsie0rjkjyy21.jpg,1446,1558208787.0,,2019-05-19 05:46:27
"""If you want a dog, you're taking care of it. I'm not!""",83780,55,cjwph3,https://i.redd.it/tlz6ecb3shd31.jpg,1278,1564543554.0,,2019-07-31 13:25:54
10 year challenge,83397,17,b0tjkp,https://i.redd.it/k7kcgbe69zl21.png,714,1552551379.0,,2019-03-14 19:16:19
My childhood,83055,12,afene9,https://i.redd.it/tec4queun3a21.jpg,734,1547374554.0,,2019-01-13 21:15:54
*laughs in 100 degrees celsius*,82567,31,ci2jcs,https://i.redd.it/u39fcw55bnc31.jpg,465,1564174646.0,,2019-07-27 06:57:26
‚ÄúYou can do it‚Äù,82537,15,ag19ni,https://i.imgur.com/9COerVK.jpg,405,1547533610.0,,2019-01-15 17:26:50
Level 100 quests be like...,82429,27,bvw91p,https://i.redd.it/oiqysa28dx131.jpg,345,1559502087.0,,2019-06-03 05:01:27
Not in here,82364,11,axq7tz,https://i.redd.it/9a9nhpwv7dk21.jpg,1116,1551848738.0,,2019-03-06 16:05:38
They told me communication with my kids was important,81819,53,akwoc4,https://i.redd.it/51mg67hpoad21.jpg,603,1548767135.0,,2019-01-30 00:05:35
"I'm sorry, I had to do it.",81690,26,bwepba,https://i.redd.it/udixwb4sy6231.jpg,921,1559618312.0,,2019-06-04 13:18:32
So true,81374,7,b9pj71,https://i.redd.it/7q922vtlbfq21.jpg,1565,1554489289.0,,2019-04-06 05:34:49
Where is my money?,81301,18,armnku,https://i.imgur.com/FEmtehU.jpg,933,1550453080.0,,2019-02-18 12:24:40
"Release my child, Satan",81283,23,by70sw,https://i.redd.it/z3un0qtxa4331.jpg,1186,1560021914.0,,2019-06-09 05:25:14
true story,81204,10,bjabnw,https://i.redd.it/x08m0aa3lhv21.jpg,1546,1556695933.0,,2019-05-01 17:32:13
You were the best,81176,17,aqi4xg,https://i.redd.it/ty94v7zk9ig21.jpg,1198,1550166452.0,,2019-02-15 04:47:32
Last laugh,80994,10,aqr53q,https://i.redd.it/ujw7njgmumg21.jpg,763,1550221994.0,,2019-02-15 20:13:14
*stares into soul*,80985,18,9uih3x,https://i.redd.it/65bajf72wkw11.jpg,348,1541486548.0,,2018-11-06 17:42:28
The truth exposed.,80846,18,btcgbq,https://i.redd.it/4qc6i9r63m031.jpg,501,1558929687.0,,2019-05-27 14:01:27
This kid memes,80788,14,b1xx7m,https://i.redd.it/cec967rzzjm21.jpg,667,1552802526.0,,2019-03-17 17:02:06
*eats golden apple real quick*,80330,30,cah7hg,https://i.redd.it/cts562cbr0931.jpg,370,1562594084.0,,2019-07-08 23:54:44
Getting ass kicked 101,80173,22,av3m9d,https://i.redd.it/4tmvornxuyi21.jpg,387,1551239038.0,,2019-02-27 14:43:58
Derpmasters 9000,79887,16,c3syhd,https://i.redd.it/52eanaxw8y531.jpg,635,1561256137.0,,2019-06-23 12:15:37
And that‚Äôs a fact.,79839,18,cgkwnw,https://i.redd.it/q57kx9f5yxb31.jpg,611,1563867604.0,,2019-07-23 17:40:04
What the hell my guardians!,79621,27,aw5e9r,https://i.redd.it/x6bclbbdnij21.jpg,486,1551478631.0,,2019-03-02 09:17:11
It really do be like that,79609,25,aegpxr,https://i.redd.it/b1on1yfarj921.jpg,325,1547133574.0,,2019-01-11 02:19:34
Procrastination level over 9000,79555,31,c7trln,https://i.redd.it/8mxtv26fkp731.jpg,527,1562022786.0,,2019-07-02 09:13:06
FBI is donezo now,79544,17,abm7qw,https://i.redd.it/nhvtjyivmv721.jpg,608,1546406996.0,,2019-01-02 16:29:56
Dead meme.,78784,10,bzls7p,https://i.redd.it/1mzp05ppau331.png,542,1560336632.0,,2019-06-12 20:50:32
big brain thoughts,78423,18,bnnph4,https://i.redd.it/j4qz8dqhfrx21.jpg,612,1557686815.0,,2019-05-13 04:46:55
And that's a fact,78080,17,ber8yv,https://i.redd.it/vrp0i7lgg3t21.jpg,661,1555653185.0,,2019-04-19 15:53:05
The world needs more gamers like Drax,78012,37,b0x5lo,https://i.redd.it/fjqwqgmm81m21.jpg,530,1552575399.0,,2019-03-15 01:56:39
you know what happens now,77940,25,b75uer,https://i.redd.it/5okmfrmjz5p21.jpg,482,1553940458.0,,2019-03-30 21:07:38
Who????,77475,7,boedtd,https://i.redd.it/rk5livdaz3y21.jpg,1253,1557838756.0,,2019-05-14 22:59:16
That‚Äôs why it‚Äôs better to have no friends,77422,41,cbk4fz,https://i.redd.it/0o2ervwdni931.jpg,653,1562810684.0,,2019-07-11 12:04:44
Me on every FPS ever,77048,20,ae9cve,https://i.redd.it/thj6wfonrf921.jpg,758,1547085271.0,,2019-01-10 12:54:31
Need some help people,76912,21,akb2rc,https://i.redd.it/x4z3elj84yc21.jpg,670,1548614971.0,,2019-01-28 05:49:31
Sucks that it has come to this.,76862,31,ap6h1e,https://i.redd.it/emroohm37sf21.jpg,811,1549850835.0,,2019-02-11 13:07:15
‚ÄúSeize that man writing in ISIS‚Äù,76795,32,cgeaxv,https://i.redd.it/9g7uizdqdvb31.jpg,1018,1563836524.0,,2019-07-23 09:02:04
haha yes,76624,8,bfft2x,https://i.redd.it/6lnt2ceewgt21.jpg,509,1555815935.0,,2019-04-21 13:05:35
Why hasn‚Äôt anyone said this before,76486,34,bkpolb,https://i.redd.it/12cxctbcc9w21.jpg,713,1557031983.0,,2019-05-05 14:53:03
I' choose you .,76479,15,ax4y2y,https://i.redd.it/u1bketjve2k21.jpg,564,1551717911.0,,2019-03-05 03:45:11
look how the turntables,76187,23,bp3xyi,https://i.redd.it/nc3qitj02gy21.jpg,744,1557984955.0,,2019-05-16 15:35:55
Too Accurate...,76171,15,9h4685,https://i.imgur.com/JpUnMZJ.jpg,455,1537383732.0,,2018-09-20 05:02:12
Accurate,75956,8,c1xj2j,https://i.redd.it/hotm7zhgh1531.jpg,568,1560859481.0,,2019-06-18 22:04:41
And that‚Äôs a fact.,75944,18,bnoq09,https://i.redd.it/48fq9max3sx21.jpg,416,1557695031.0,,2019-05-13 07:03:51
it's true tho,75775,13,asa8et,https://i.redd.it/sutw0f07yih21.jpg,951,1550610574.0,,2019-02-20 08:09:34
Wait a second...,75657,16,c02z92,https://i.redd.it/utrlx02sx2431.jpg,599,1560441230.0,,2019-06-14 01:53:50
SPEECH 100,75616,10,bsyf2z,https://i.redd.it/canjh3xmre031.jpg,780,1558841055.0,,2019-05-26 13:24:15
Finally a good fucking kid,75610,26,amlibg,https://i.redd.it/20nic0i5p9e21.jpg,440,1549191026.0,,2019-02-03 21:50:26
Flat Earth Boiz,75394,15,a0j1g5,https://i.redd.it/hy8a2c1o8o021.jpg,493,1543265214.0,,2018-11-27 07:46:54
"Ladies and Gentlemen, We Got ‚ÄòEm",75126,32,ch79xb,https://i.redd.it/hj2des8cr8c31.jpg,372,1563998489.0,,2019-07-25 06:01:29
He oofed himself,74589,16,agnhuk,https://i.redd.it/eufzqjlzlta21.jpg,447,1547688711.0,,2019-01-17 12:31:51
Hold on my friend,74465,17,c58yyc,https://i.redd.it/08m294bydi631.jpg,459,1561499967.0,,2019-06-26 07:59:27
.taht ekil eb OD tI,74380,19,cj9oc9,https://i.redd.it/d5hs87f348d31.jpg,758,1564426538.0,,2019-07-30 04:55:38
That‚Äôs super annoying,74319,21,b8z5v9,https://i.redd.it/c3xdiippe2q21.jpg,1001,1554332946.0,,2019-04-04 10:09:06
Instagram bad,74280,13,btxjsr,https://i.redd.it/9kf2r11xyw031.jpg,625,1559061429.0,,2019-05-29 02:37:09
You guys asked for it.,74249,22,b30wza,https://i.redd.it/9m24k2gsb4n21.jpg,663,1553048631.0,,2019-03-20 13:23:51
Valuble News!,74186,13,b1balj,https://i.redd.it/b5t1dexh58m21.jpg,474,1552659124.0,,2019-03-16 01:12:04
"Carefully, he is a hero",74065,23,at2xz4,https://i.redd.it/d51wy89l7xh21.jpg,575,1550783252.0,,2019-02-22 08:07:32
How ironic,74008,10,aziwgq,https://i.redd.it/ul9ox5tj8cl21.jpg,491,1552272700.0,,2019-03-11 13:51:40
When you watch Bob Ross for the first time,73760,42,b4l0tp,https://i.redd.it/m1yfm0q5awn21.jpg,485,1553387075.0,,2019-03-24 11:24:35
That‚Äôs even worse,73749,17,chx5vm,https://i.redd.it/qqznvg0b8kc31.jpg,797,1564137373.0,,2019-07-26 20:36:13
Fighting the good fight,73735,23,bsll1r,https://i.redd.it/wfqhskjju7031.jpg,591,1558757298.0,,2019-05-25 14:08:18
"24 hours, 0 sleep, one million dollars",73705,38,cgxv77,https://i.redd.it/or1hn3n134c31.jpg,738,1563941891.0,,2019-07-24 14:18:11
Finally a car of culture,73697,24,an5iae,https://i.redd.it/d4b4297bwle21.jpg,679,1549338720.0,,2019-02-05 14:52:00
So sad.,73627,7,c6uonl,https://i.redd.it/5p96phj388731.jpg,410,1561812778.0,,2019-06-29 22:52:58
This meme isn‚Äôt fine as it is,73557,29,8ba611,https://i.redd.it/s88hijpgc4r01.jpg,485,1523414663.0,,2018-04-11 12:44:23
pain is a baby leaving the body,73535,31,bx4rbt,https://i.redd.it/kepz6xb0hk231.png,500,1559781865.0,,2019-06-06 10:44:25
Meme heaven,73318,11,bppfad,https://i.redd.it/m63yz9hhyqy21.jpg,2535,1558116944.0,,2019-05-18 04:15:44
"I know it was yesterday, but still",73313,34,ae496y,https://i.redd.it/2b1dh8hugc921.jpg,554,1547045314.0,,2019-01-10 01:48:34
Cmon elon,73133,9,bqu4vo,https://i.redd.it/5jbm6qdhmcz21.jpg,621,1558379259.0,,2019-05-21 05:07:39
Wholesome 100,73052,13,cfj8fs,https://i.redd.it/nkxmh09vweb31.jpg,920,1563637142.0,,2019-07-21 01:39:02
hats off to the man who did this,73011,32,bjky2w,https://i.redd.it/fstvw9g9cnv21.jpg,1133,1556765634.0,,2019-05-02 12:53:54
"My PP big, I‚Äôm of the male gender",72677,33,bywpgu,https://i.redd.it/547007oeli331.jpg,814,1560194932.0,,2019-06-11 05:28:52
"How do you do, fellow kids?",72652,27,b3c2cz,https://i.redd.it/fhmzbzos0an21.jpg,1007,1553117583.0,,2019-03-21 08:33:03
"The second beating, absolutely free!",72302,36,auyrsm,https://i.redd.it/g72hnrogmwi21.jpg,576,1551211974.0,,2019-02-27 07:12:54
The hero we all need,72227,20,bdekeb,https://i.redd.it/g1f2nxjjres21.jpg,310,1555354239.0,,2019-04-16 04:50:39
Why do you jerk off?,72219,20,auimzy,https://i.redd.it/vmi4gs646oi21.png,915,1551109622.0,,2019-02-26 02:47:02
Everyone outside of America,72048,27,amz190,https://i.redd.it/b4rr4ow5zhe21.jpg,1093,1549291249.0,,2019-02-05 01:40:49
Found her,71959,9,b4i6h7,https://i.redd.it/5xreaayytun21.jpg,325,1553369525.0,,2019-03-24 06:32:05
We all Ralph today,71730,18,aqklgn,https://i.redd.it/rnh5m766tjg21.png,985,1550185143.0,,2019-02-15 09:59:03
Buncha liars,71714,12,ajjgo5,https://i.imgur.com/ESY4mXM.jpg,474,1548406264.0,,2019-01-25 19:51:04
Does this count as a pet peeve?,71716,31,aueg7i,https://i.redd.it/ypxnovb1wli21.jpg,337,1551082017.0,,2019-02-25 19:06:57
Everytime,71643,9,cbujf5,https://i.redd.it/rig3n97zrn931.jpg,871,1562872764.0,,2019-07-12 05:19:24
You gotta do what you gotta do..,71616,32,axwiya,https://i.imgur.com/RAZL1ia.jpg,339,1551889345.0,,2019-03-07 03:22:25
Very well,71598,9,bf34ou,https://i.redd.it/z5f39l52u9t21.jpg,923,1555730402.0,,2019-04-20 13:20:02
Some girls in conversation are weird.,71587,37,atfa61,https://i.redd.it/jysxzu0t33i21.jpg,892,1550854603.0,,2019-02-23 03:56:43
He killed it,71115,12,c6lcja,https://i.redd.it/zu6m5x1j54731.jpg,259,1561763487.0,,2019-06-29 09:11:27
Not all heroes wear capes,71002,25,bvydz4,https://i.redd.it/xd23psfrmy131.jpg,1063,1559517412.0,,2019-06-03 09:16:52
My head hurts,70780,13,bwboqn,https://i.redd.it/8ajo1ucip5231.jpg,482,1559603110.0,,2019-06-04 09:05:10
You can't roast the roast master...,70719,35,adsxng,https://i.redd.it/elgowpnyd6921.jpg,330,1546971704.0,,2019-01-09 05:21:44
"Go easy on him, he's just a beginner",70696,36,b4uzeu,https://i.redd.it/7mfwi9ywo1o21.jpg,280,1553452578.0,,2019-03-25 05:36:18
What's going on?,70543,16,bfac66,https://i.imgur.com/g92rPeb.jpg,2010,1555779996.0,,2019-04-21 03:06:36
The Truth.,70160,10,ajoguy,https://i.redd.it/zena4a16akc21.jpg,489,1548447466.0,,2019-01-26 07:17:46
How could they forget,69994,21,akkwd3,https://i.redd.it/suvredd124d21.jpg,407,1548686879.0,,2019-01-29 01:47:59
Ultra HD Meme,69914,13,b8jwp3,https://i.redd.it/ewl62b252vp21.png,643,1554243983.0,,2019-04-03 09:26:23
Most wonderful thing in whole wide world,69879,40,8u02si,https://i.imgur.com/mk12hAk.jpg,330,1530049110.0,,2018-06-27 07:38:30
Also me:,69846,8,ceq7lu,https://i.redd.it/om3rsye861b31.jpg,554,1563470795.0,,2019-07-19 03:26:35
If cardo B were an arguing technique.,69807,37,awi0h4,https://i.redd.it/9dz3tth1ppj21.jpg,1058,1551563940.0,,2019-03-03 08:59:00
Shes right though,69784,17,au7g5f,https://i.redd.it/jqeehkt9dii21.jpg,518,1551039399.0,,2019-02-25 07:16:39
This happens way too much.,69761,26,a1snoc,https://i.redd.it/h6av53bi5h121.jpg,382,1543615255.0,,2018-12-01 09:00:55
I‚Äôm not ready,69702,13,cizpqg,https://i.redd.it/9pwsi25dc3d31.jpg,894,1564368770.0,,2019-07-29 12:52:50
By EA‚Äôs logic,69657,13,c4ij4n,https://i.redd.it/ao71m9zel8631.jpg,620,1561381410.0,,2019-06-24 23:03:30
Too soon?,69609,9,bdqpg2,https://i.redd.it/j2rh6bhnnks21.jpg,920,1555425635.0,,2019-04-17 00:40:35
Ooga very cool booga,69431,20,c3nipe,https://i.redd.it/ghvj9kxpiv531.jpg,313,1561223113.0,,2019-06-23 03:05:13
1 more minutes ma,69338,17,c4onxp,https://i.redd.it/37oncsoocb631.jpg,328,1561414793.0,,2019-06-25 08:19:53
Honestly 200+ IQ on youtubes side here,69319,38,a4e6sf,https://i.redd.it/s30xm7s054321.jpg,770,1544329396.0,,2018-12-09 15:23:16
This is bullshit,69284,16,amwg5l,https://i.redd.it/0dknpae1ege21.jpg,534,1549272042.0,,2019-02-04 20:20:42
Well played humans.,69252,19,c10xu7,https://i.redd.it/y02ng2pfkk431.jpg,432,1560654739.0,,2019-06-16 13:12:19
"Hey, McFly. I thought I told you never to come in here.",69214,55,9kzw5p,https://i.redd.it/x4emva6w5yp11.jpg,953,1538591024.0,,2018-10-04 04:23:44
That's the way it be,69133,20,bedpqk,https://i.redd.it/g9zk546tdws21.png,388,1555567544.0,,2019-04-18 16:05:44
I was so surprised,69010,18,aekxcs,https://i.redd.it/nb7g8l5rmm921.jpg,684,1547168370.0,,2019-01-11 11:59:30
We all know that one kid.,68891,25,bwipz1,https://i.redd.it/rjqnqhflq8231.png,616,1559639799.0,,2019-06-04 19:16:39
Updates are inevitable,68877,22,blq45q,https://i.redd.it/6y88jqda9sw21.jpg,586,1557260989.0,,2019-05-08 06:29:49
Please stop,68802,11,b8ppyk,https://i.redd.it/7o328jn8dxp21.jpg,356,1554271916.0,,2019-04-03 17:11:56
The people on reddit,68798,20,brtv7f,https://i.redd.it/e5yvro9kptz21.png,1552,1558586111.0,,2019-05-23 14:35:11
best pun of the year,68787,20,c0m62d,https://i.redd.it/4cw0uzr8nc431.png,533,1560558765.0,,2019-06-15 10:32:45
My office vs Japanese office,68787,28,bg0bxs,https://i.redd.it/tk764zb5ist21.jpg,340,1555956424.0,,2019-04-23 04:07:04
It's all about tactics,68640,22,ald241,https://i.redd.it/60bywofgjkd21.jpg,582,1548886440.0,,2019-01-31 09:14:00
She played me like a damn fiddle,68581,32,cf5xrm,https://i.redd.it/84ufrz9dn8b31.jpg,376,1563561318.0,,2019-07-20 04:35:18
My disappointment is miserable,68411,30,ajbfyl,https://i.redd.it/msbc4e7ducc21.jpg,551,1548357407.0,,2019-01-25 06:16:47
This is the truest thing ever,68397,29,bkj8po,https://i.redd.it/zmunrhsqs5w21.jpg,713,1556989072.0,,2019-05-05 02:57:52
ALERT non Area 51 MEME incoming,68385,31,cd7btw,https://i.redd.it/ztn97bvhpba31.png,439,1563162521.0,,2019-07-15 13:48:41
This is far beyond my possibilities,68293,35,a7k9v3,https://i.redd.it/ts5mr0ljt6521.jpg,512,1545233552.0,,2018-12-20 02:32:32
I knew it!,68271,10,aw333g,https://i.redd.it/dmtv4c5ybhj21.png,420,1551462688.0,,2019-03-02 04:51:28
"Mama, OwOwOwO",68119,13,alk3f4,https://i.redd.it/1twx7rp6und21.jpg,366,1548926370.0,,2019-01-31 20:19:30
I‚Äôm the atom,68111,12,awko8r,https://i.redd.it/c6iozba51rj21.jpg,387,1551580120.0,,2019-03-03 13:28:40
Big quacc,68064,9,c90fdf,https://i.redd.it/2rd5k0ci69831.jpg,453,1562260199.0,,2019-07-05 03:09:59
Karen and the crew,67973,18,a16ecv,https://i.redd.it/ubak6hglu2121.jpg,728,1543442085.0,,2018-11-29 08:54:45
All dogs are good boys,67921,22,b0n1aj,https://i.redd.it/nm7idn42jwl21.jpg,783,1552518379.0,,2019-03-14 10:06:19
Deploy the rockets!!,67881,20,c8wa8q,https://i.redd.it/ivnc3ohus6831.jpg,652,1562231390.0,,2019-07-04 19:09:50
They know,67614,9,ayk5nw,https://i.redd.it/z77c5gbpmsk21.jpg,351,1552035322.0,,2019-03-08 19:55:22
Got a headache? Drill a hole in your head. Easy Peasy!,67517,54,c1am2f,https://i.redd.it/qcm8efe9dq431.jpg,461,1560724894.0,,2019-06-17 08:41:34
Just don't do it,67441,16,bhddlw,https://i.redd.it/k86458nkygu21.jpg,891,1556252512.0,,2019-04-26 14:21:52
You lucky boi,67211,13,bevckv,https://i.redd.it/dnlpclp0k5t21.jpg,695,1555678593.0,,2019-04-19 22:56:33
Need a mental ad blocker,67198,24,a2qy0q,https://i.redd.it/johm8mupn3221.jpg,468,1543887734.0,,2018-12-04 12:42:14
"The ""highest"" level of design",67167,29,b5826v,https://i.redd.it/tbxdw6b998o21.png,711,1553532055.0,,2019-03-26 03:40:55
For real tho,67114,12,avym1t,https://i.redd.it/5r815gxdqej21.jpg,262,1551431216.0,,2019-03-01 20:06:56
harry potter is about to kick your ass,67097,38,ak5lsi,https://i.redd.it/21og2wrabuc21.jpg,496,1548568917.0,,2019-01-27 17:01:57
Pro gamer move,67082,14,c9fwy9,https://i.redd.it/3vj7huuqkh831.jpg,706,1562361841.0,,2019-07-06 07:24:01
Am I a joke to you?,67033,19,at7epl,https://i.redd.it/zocaiiqg5zh21.jpg,423,1550806729.0,,2019-02-22 14:38:49
Hell yeah,66905,9,b663n1,https://i.redd.it/15o73xsbroo21.jpg,600,1553731982.0,,2019-03-28 11:13:02
Reddit is superior,66832,18,anr1fd,https://i.redd.it/r73xyehxgye21.jpg,567,1549490934.0,,2019-02-07 09:08:54
Weird flex,66829,10,ajgbyi,https://i.redd.it/gtl6yck2ffc21.jpg,409,1548388581.0,,2019-01-25 14:56:21
Remember that kid from stranger things?,66738,39,abj406,https://i.redd.it/3wmzim3y1u721.jpg,557,1546386531.0,,2019-01-02 10:48:51
I feel good,66593,11,ahffbz,https://i.imgur.com/vkPQsrs.jpg,465,1547876860.0,,2019-01-19 16:47:40
A bullet can't stop me making stupid spelling errors,66435,52,c972jy,https://i.redd.it/id6z9o8wfc831.jpg,527,1562299676.0,,2019-07-05 14:07:56
Excuse me?,66406,10,b08r5j,https://i.redd.it/q828yqmddpl21.jpg,708,1552431719.0,,2019-03-13 10:01:59
I will be forever grateful,66389,26,ca5j9j,https://i.redd.it/q8qi9q2m1v831.jpg,199,1562524911.0,,2019-07-08 04:41:51
Poor Emily,66365,10,a9i41w,https://i.redd.it/m2isfkijjh621.jpg,693,1545799211.0,,2018-12-26 15:40:11
Do you understand the words coming out of my mouth? No. I don't.,66306,64,avr2bc,https://i.redd.it/fraj7zli8bj21.jpg,364,1551388886.0,,2019-03-01 08:21:26
‚ÄúI like this one‚Äù,66272,17,cd01vn,https://i.redd.it/129od4ixu7a31.jpg,312,1563115896.0,,2019-07-15 00:51:36
Buzz buzz,66270,9,av8t97,https://i.redd.it/lgbnane8a1j21.jpg,418,1551268395.0,,2019-02-27 22:53:15
Plot twist,66224,10,cionbk,https://i.redd.it/rjt1k1u2mxc31.jpg,286,1564299393.0,,2019-07-28 17:36:33
Hard work pays off,66191,18,bbq15e,https://i.redd.it/jhcyzs5dkhr21.jpg,432,1554952296.0,,2019-04-11 13:11:36
OC/ Posted first in marvel memes,66154,32,b3s7xp,https://i.redd.it/0at6qdqfvhn21.jpg,530,1553212639.0,,2019-03-22 10:57:19
Short life span,66090,15,bw1tui,https://i.redd.it/y9q6wgdt50231.jpg,523,1559535916.0,,2019-06-03 14:25:16
Most Netflix movies aren't that good.,65988,37,c3dzgm,https://i.redd.it/quqw4cfn0r531.jpg,406,1561168611.0,,2019-06-22 11:56:51
have a nice day sir,65873,19,c9btan,https://i.redd.it/u2qew6qa0f831.jpg,357,1562330754.0,,2019-07-05 22:45:54
What ToAsTeR?!,65588,14,c2kujv,https://i.redd.it/6dcjwhydyc531.jpg,679,1560998351.0,,2019-06-20 12:39:11
Prof don't tolerate cheating like ya girl does,65574,46,aqm4lr,https://i.redd.it/507h7tntikg21.jpg,463,1550193770.0,,2019-02-15 12:22:50
IM NOT CRYING,65509,13,cbogzt,https://i.redd.it/8rh7zfm6ek931.jpg,435,1562831804.0,,2019-07-11 17:56:44
Something to think about,65465,24,a9dw53,https://i.redd.it/w9vfwhu2ge621.jpg,809,1545761736.0,,2018-12-26 05:15:36
Night theme all the way,65457,23,c2fwbb,https://i.redd.it/mevyfb83ta531.jpg,405,1560972692.0,,2019-06-20 05:31:32
Wholesome Wednesday,65387,19,be5gzx,https://i.redd.it/vrz582y1fss21.jpg,375,1555519652.0,,2019-04-18 02:47:32
We must stop Kyle,65391,17,bc1bhf,https://i.redd.it/0v52rm52nnr21.png,722,1555025844.0,,2019-04-12 09:37:24
Ooh my n-word,65323,13,bva0yw,https://i.redd.it/jre6m12ruk131.jpg,1252,1559350591.0,,2019-06-01 10:56:31
Cuteness attack is coming!,65213,26,b1qk62,https://i.redd.it/flatlff67gm21.jpg,448,1552756515.0,,2019-03-17 04:15:15
why tho?,65207,8,btjmy6,https://i.redd.it/otsco7e0vp031.jpg,376,1558975367.0,,2019-05-28 02:42:47
He is a real hero,65141,17,9xp2mo,https://i.redd.it/eofc1mu7qqy11.jpg,268,1542423637.0,,2018-11-17 14:00:37
i hate it when this happens,65074,27,akok82,https://i.redd.it/va6i14ieo6d21.png,478,1548718671.0,,2019-01-29 10:37:51
innovative,64937,10,auk88a,https://i.redd.it/ordh510c9pi21.jpg,571,1551122809.0,,2019-02-26 06:26:49
Excuse me wtf,64926,13,alnuk4,https://i.redd.it/rjiw74l5aqd21.jpg,615,1548955954.0,,2019-02-01 04:32:34
*tap tap*,64910,9,b3uiiz,https://i.redd.it/2d8npviesin21.jpg,561,1553223715.0,,2019-03-22 14:01:55
I'll drink to that!,64902,19,celmuw,https://i.redd.it/mbsnxp37oya31.jpg,221,1563440515.0,,2019-07-18 19:01:55
Damn so the girl who played me is gonna be down there in 80 years?,64558,66,cl8ybd,https://i.redd.it/5egbkbrta3e31.jpg,407,1564804100.0,,2019-08-03 13:48:20
I'll take your entire stock!,64455,28,b6y3yg,https://i.redd.it/fjdmvcndl2p21.jpg,313,1553899338.0,,2019-03-30 09:42:18
Deaf ppl be like,64327,16,beiyoe,https://i.redd.it/obfcyw4xczs21.png,472,1555603567.0,,2019-04-19 02:06:07
Am I missing something?,64300,23,bkl87x,https://i.redd.it/rgfe9yhw67w21.jpg,427,1557005940.0,,2019-05-05 07:39:00
rest in peace Stef√°n Karl. You will always be no. 1,64177,51,9963j8,https://i.redd.it/88ts3ljvxhh11.jpg,1796,1534907830.0,,2018-08-22 13:17:10
Surprise Moththafucka,64131,21,cdr76i,https://i.redd.it/d50tps8cvka31.jpg,439,1563273421.0,,2019-07-16 20:37:01
Give this woman a medal.,64033,24,c854di,https://i.redd.it/r1eenyaept731.jpg,956,1562072841.0,,2019-07-02 23:07:21
He protect.,63989,11,9x147g,https://i.redd.it/ilkcb5ptfby11.jpg,652,1542238536.0,,2018-11-15 10:35:36
We were so close,63983,16,brkcc1,https://i.redd.it/6w3c98h1xoz21.jpg,429,1558528109.0,,2019-05-22 22:28:29
Upgraded it u/Tragolith,63837,23,cathtl,https://i.redd.it/llrl9fhtb6931.jpg,4065,1562661513.0,,2019-07-09 18:38:33
That awkward moment when u give fire to a uncivilized species,63835,61,c01at0,https://i.redd.it/fdm361flw1431.png,379,1560428726.0,,2019-06-13 22:25:26
We need a purge,63825,15,ca65d0,https://i.redd.it/ucz3mh5ygv831.jpg,1018,1562530064.0,,2019-07-08 06:07:44
Sight 100,63765,9,b7mutz,https://i.redd.it/y26dm5qhyfp21.jpg,977,1554061139.0,,2019-04-01 06:38:59
The hardest choice.,63746,19,bu44e8,https://i.redd.it/dg1cg19440131.jpg,378,1559099496.0,,2019-05-29 13:11:36
The hero we all deserve...,63630,26,bjeqgb,https://i.redd.it/huboizoc8kv21.jpg,324,1556727970.0,,2019-05-02 02:26:10
m‚Äôlife is a joke,63537,16,afsqpu,https://i.redd.it/s7031bs4vba21.jpg,430,1547473859.0,,2019-01-15 00:50:59
Get ready for war!,63457,18,ba1x8y,https://i.redd.it/imoiiv5filq21.jpg,306,1554564222.0,,2019-04-07 02:23:42
They the next Picasso,63417,21,c14dc5,https://i.redd.it/ail6l5t7am431.jpg,294,1560675443.0,,2019-06-16 18:57:23
Who said i can't mix WW2 with Kpop,63381,34,b1ta6k,https://i.redd.it/jgt45u5wvhm21.jpg,542,1552776936.0,,2019-03-17 09:55:36
Reddit right now,63291,16,a70zpa,https://i.imgur.com/1QyXf9u.jpg,508,1545090991.0,,2018-12-18 10:56:31
how to train the boys,63129,21,bxjxqs,https://i.redd.it/ifl2t95d1s231.png,284,1559873423.0,,2019-06-07 12:10:23
"Costs more, does less, simple as that",63042,37,afnsyi,https://i.redd.it/ulus061489a21.jpg,971,1547441905.0,,2019-01-14 15:58:25
(Rubbing hands intensifies),63043,27,bkw0wq,https://i.redd.it/ovmas1307dw21.png,556,1557078630.0,,2019-05-06 03:50:30
The daily life of an Instagram normie,62939,37,bw8yhj,https://i.redd.it/n95u6ps684231.jpg,604,1559585141.0,,2019-06-04 04:05:41
His dad should be proud of him,62842,30,cb6421,https://i.redd.it/nf7xachm4c931.jpg,1569,1562731735.0,,2019-07-10 14:08:55
And this time it‚Äòs less sloppy,62841,30,ap3dmc,https://i.redd.it/zpbsiekcfqf21.jpg,473,1549829395.0,,2019-02-11 07:09:55
much happiness,62847,14,cb83zp,https://i.redd.it/6026zopwvc931.jpg,439,1562740910.0,,2019-07-10 16:41:50
The pain.....,62604,13,bh875j,https://i.redd.it/7b8jrui1peu21.jpg,389,1556225156.0,,2019-04-26 06:45:56
Science nibba,62539,13,acwuv8,https://i.redd.it/tgvyepyvgn821.jpg,572,1546742657.0,,2019-01-06 13:44:17
Guh huh huh huh huh,62481,19,bs1qm8,https://i.redd.it/7bkcwtp94yz21.jpg,237,1558639485.0,,2019-05-24 05:24:45
Hold on a sec there pal,62413,23,bm7hal,https://i.redd.it/g2sxltphm0x21.jpg,565,1557362283.0,,2019-05-09 10:38:03
Reverse psychology,62374,18,aqbpzd,https://i.redd.it/4xke248bleg21.jpg,319,1550121966.0,,2019-02-14 16:26:06
God damn it,62268,11,cjpuq1,https://i.redd.it/6gifla3h4fd31.jpg,491,1564511396.0,,2019-07-31 04:29:56
Dear god,62256,8,bio2cg,https://i.redd.it/rf4udaz6o6v21.png,404,1556563801.0,,2019-04-30 04:50:01
He‚Äôll enjoy it very much,62228,24,bvt2q6,https://i.redd.it/3ptt0euw0v131.jpg,677,1559473732.0,,2019-06-02 21:08:52
New year :)),62202,12,abf9ai,https://i.redd.it/2iaica89wq721.jpg,856,1546348296.0,,2019-01-02 00:11:36
The legend Steve Buscemi,62172,24,apyohv,https://i.redd.it/1796f6cbj7g21.jpg,449,1550036546.0,,2019-02-13 16:42:26
Absolutely horrifying,62125,21,c8gmin,https://i.redd.it/2f9qrodk4z731.jpg,451,1562138476.0,,2019-07-03 17:21:16
A true legend,62127,13,blvv3g,https://i.redd.it/bssue8bdouw21.jpg,474,1557290273.0,,2019-05-08 14:37:53
My brain hurts..,62059,16,bc5hf6,https://i.redd.it/a22qc11kepr21.jpg,614,1555047200.0,,2019-04-12 15:33:20
Self-explanatory,62048,16,c40tn0,https://i.redd.it/t7xev0mlb2631.jpg,286,1561305467.0,,2019-06-24 01:57:47
"Dread it, Run from it, destiny still arrives",61967,44,bkzdwm,https://i.redd.it/szoar6m51fw21.jpg,1003,1557100863.0,,2019-05-06 10:01:03
Here you go,61942,11,b78jvy,https://i.redd.it/dno312q1m7p21.jpg,855,1553960097.0,,2019-03-31 02:34:57
Cat: Help me please,61934,19,atifbh,https://i.redd.it/2modn9rlu4i21.jpg,294,1550875718.0,,2019-02-23 09:48:38
Everyone must see this,61821,22,ccw5vh,https://i.redd.it/riftgo7zp5a31.jpg,355,1563090015.0,,2019-07-14 17:40:15
"If your gym teacher didn‚Äôt look like this, did you really get a physical education?",61675,83,aoy3me,https://i.redd.it/2jepfebpmmf21.jpg,566,1549783441.0,,2019-02-10 18:24:01
We all have those days,61630,22,9w2m69,https://i.redd.it/8edtec1e2ox11.png,447,1541958275.0,,2018-11-12 04:44:35
wait what,61561,9,b7jqxo,https://i.redd.it/vm60xb7zpdp21.jpg,247,1554034061.0,,2019-03-31 23:07:41
Online shopping in a nutshell,61568,29,7oxw23,https://i.redd.it/uj9zdnu1vt801.jpg,772,1515439000.0,,2018-01-09 06:16:40
perfection,61502,10,bjqwt5,https://i.redd.it/qcgaa4se8qv21.jpg,340,1556800637.0,,2019-05-02 22:37:17
When you move away from your parents,61481,36,cavi8g,https://i.redd.it/a0vi4yxw87931.jpg,507,1562672641.0,,2019-07-09 21:44:01
And now my watch begins,61466,23,bhba01,https://i.redd.it/hcy599g32gu21.jpg,736,1556241590.0,,2019-04-26 11:19:50
Alright then,61411,12,afifwi,https://i.redd.it/7jj00k3cb6a21.jpg,608,1547406667.0,,2019-01-14 06:11:07
Zucker-bugged,61256,13,89swch,https://i.redd.it/4lhmxjtj6yp01.jpg,222,1522900733.0,,2018-04-05 13:58:53
He dumped his human,61242,19,c09ew9,https://i.redd.it/27jpslk526431.jpg,449,1560479035.0,,2019-06-14 12:23:55
Chocolatexit,61177,12,a9fghc,https://i.redd.it/s766bu7ivf621.jpg,207,1545779021.0,,2018-12-26 10:03:41
vegans shouldn‚Äôt drive,61170,22,9i8psh,https://i.redd.it/n7jgzadnzzn11.jpg,1358,1537741440.0,,2018-09-24 08:24:00
yeah right as if,61060,16,9y5ga6,https://i.redd.it/fnngapazw2z11.jpg,1258,1542571192.0,,2018-11-19 06:59:52
He is smart,60989,11,akd6ca,https://i.redd.it/jicv36ewmzc21.jpg,633,1548633371.0,,2019-01-28 10:56:11
God fucking damn Dasani,60935,23,9q64bq,https://i.redd.it/0uzmesko6lt11.jpg,847,1540177290.0,,2018-10-22 14:01:30
A fight between gods,60856,20,bzb75e,https://i.redd.it/93uncwjuop331.jpg,532,1560280837.0,,2019-06-12 05:20:37
i can't make a choice,60858,21,caj4x7,https://i.redd.it/vjdppn7jy1931.png,367,1562609012.0,,2019-07-09 04:03:32
It's the Apex way bois,60799,22,as0m6v,https://i.imgur.com/2I11H5P.jpg,403,1550545072.0,,2019-02-19 13:57:52
This is why I play Xbox.,60785,24,cbj4mm,https://i.redd.it/fq1fvsqn9i931.jpg,856,1562806070.0,,2019-07-11 10:47:50
Granny is a good sport,60687,22,aq73ht,https://i.redd.it/uxov9491icg21.jpg,410,1550096738.0,,2019-02-14 09:25:38
He's a friend of the people.,60517,28,a5gdby,https://i.redd.it/r65oo03f6t321.jpg,409,1544632538.0,,2018-12-13 03:35:38
Let's the doot begin,60376,20,cgoxfp,https://i.redd.it/ptail928yzb31.jpg,872,1563891852.0,,2019-07-24 00:24:12
war of booze,60373,12,ceo9x5,https://i.redd.it/y04t4pz2zza31.jpg,704,1563456287.0,,2019-07-18 23:24:47
Nibba what?,60303,11,b23xxr,https://i.redd.it/90jjmm41rnm21.jpg,311,1552847944.0,,2019-03-18 05:39:04
Bet it's his girlfriend's console.,60303,34,am2nwa,https://i.redd.it/lkonu4fcyyd21.jpg,869,1549060942.0,,2019-02-02 09:42:22
All out super hero warfare,60239,26,bib14t,https://i.redd.it/54tbqt5d70v21.jpg,863,1556485501.0,,2019-04-29 07:05:01
Oh hi mark,60158,10,adizoq,https://i.redd.it/0e5dm9tyw0921.jpg,414,1546905453.0,,2019-01-08 10:57:33
You done fucked up now,60138,22,bmgm25,https://i.redd.it/grllpfddy4x21.jpg,258,1557414708.0,,2019-05-10 01:11:48
Good Elon,60123,9,ag5lam,https://i.redd.it/h8o6kbop5ja21.jpg,497,1547562166.0,,2019-01-16 01:22:46
That dog is having an existential crisis,60065,40,auw22j,https://i.redd.it/yatyrqjavui21.jpg,689,1551190729.0,,2019-02-27 01:18:49
HD meme,59928,7,b8gq2o,https://i.redd.it/ns1tr5zdgtp21.jpg,437,1554224547.0,,2019-04-03 04:02:27
HERE‚ÄôS DUO!,59528,11,b6gm2s,https://i.redd.it/7op6zpggvto21.jpg,554,1553793766.0,,2019-03-29 04:22:46
Real sneaky there china,59504,23,b6alqg,https://i.redd.it/t8yhb8sxjqo21.jpg,338,1553753571.0,,2019-03-28 17:12:51
r/ihavereddit,59440,13,aog84s,https://i.redd.it/7igpvriyccf21.jpg,595,1549659094.0,,2019-02-09 07:51:34
that‚Äôs an oof,59303,13,b35jzt,https://i.redd.it/whl2wguda6n21.jpg,360,1553072372.0,,2019-03-20 19:59:32
Hurray...,59282,9,9uyi63,https://i.redd.it/zy3vzyl35ww11.jpg,610,1541617483.0,,2018-11-08 06:04:43
It really do be like that,59216,25,b1eb3z,https://i.redd.it/nulum0390am21.jpg,457,1552681545.0,,2019-03-16 07:25:45
Second one is just torture,59164,26,bfq0is,https://i.redd.it/496a96jizmt21.jpg,372,1555889630.0,,2019-04-22 09:33:50
At least it works,59161,17,bxr8rv,https://i.redd.it/43ggstv3pv231.jpg,212,1559917717.0,,2019-06-08 00:28:37
me and my alien after we leave area 51,59149,38,cf3p8b,https://i.redd.it/yu1pb08o77b31.png,381,1563543925.0,,2019-07-19 23:45:25
What about Pornhub?,58870,19,aorwv5,https://i.redd.it/ztp9hnw1djf21.jpg,379,1549743884.0,,2019-02-10 07:24:44
The real MVP,58734,12,aoqq0l,https://i.redd.it/sofqe3pycif21.jpg,414,1549731739.0,,2019-02-10 04:02:19
V Bucks more like V Cards,58606,25,ar0dos,https://i.redd.it/aherwp0hcsg21.jpg,290,1550288489.0,,2019-02-16 14:41:29
Need to start at the right part,58601,31,9p4wlx,https://i.redd.it/mtzng24apus11.jpg,508,1539856657.0,,2018-10-18 20:57:37
Give this kid a medal,58551,21,cdcdia,https://i.redd.it/9m46n4xd0ea31.jpg,387,1563190374.0,,2019-07-15 21:32:54
Skyrim everyday,58538,15,aws0wp,https://i.redd.it/jh1t4you2vj21.jpg,284,1551629118.0,,2019-03-04 03:05:18
all formats end up becoming shower thoughts formats,58501,51,ciwe3d,https://i.redd.it/356vr7ie02d31.jpg,264,1564352640.0,,2019-07-29 08:24:00
Speedrun!,58313,9,b3q23r,https://i.redd.it/pm6quv9hwgn21.jpg,595,1553200872.0,,2019-03-22 07:41:12
Mcdonalds is listening to their customers,58288,41,a5lkxz,https://i.redd.it/yyixq2v3iw321.jpg,547,1544672789.0,,2018-12-13 14:46:29
Already rooting for the Eggman.,58132,31,bjtlhp,https://i.redd.it/xykx0exr4sv21.jpg,452,1556823622.0,,2019-05-03 05:00:22
Poor Dolphin,58120,12,agxumo,https://i.redd.it/9hjxf1odlza21.png,487,1547761169.0,,2019-01-18 08:39:29
I need to get myself a dog asap,58114,31,bql6tg,https://i.redd.it/w8n8tdjn28z21.jpg,385,1558324189.0,,2019-05-20 13:49:49
Is... is this? No it can‚Äôt be...,58037,32,awu6yk,https://i.redd.it/mszma85ttwj21.jpg,1022,1551650292.0,,2019-03-04 08:58:12
Hippie Thor,57992,11,botq2f,https://i.redd.it/04xf12w97by21.jpg,481,1557926189.0,,2019-05-15 23:16:29
So close...,57868,11,9zvr91,https://i.redd.it/vujtecrwp7021.jpg,823,1543065195.0,,2018-11-25 00:13:15
SEND THEM TO THE RACH,57855,21,b98dnc,https://i.redd.it/2r5o8edlg6q21.jpg,640,1554382014.0,,2019-04-04 23:46:54
It really do be like that,57771,25,aouyej,https://i.redd.it/c5v4iiv05lf21.jpg,635,1549765388.0,,2019-02-10 13:23:08
The movie was there to cover the truth,57666,38,cdg8ag,https://i.redd.it/7dfkeginbga31.png,228,1563218532.0,,2019-07-16 05:22:12
One more for Elon,57597,17,asp905,https://i.redd.it/9umofk49mqh21.png,287,1550703460.0,,2019-02-21 09:57:40
Agree to disagree,57582,17,az8cdx,https://i.redd.it/7lc8ftvqv5l21.jpg,660,1552195754.0,,2019-03-10 16:29:14
It‚Äôs because you‚Äôre always on that phone!,57553,41,cft5j1,https://i.redd.it/cgp35k530kb31.jpg,450,1563698765.0,,2019-07-21 18:46:05
Minecraftv=GOAT,57491,15,bykdvu,https://i.redd.it/zh8wou2k5c331.jpg,466,1560116960.0,,2019-06-10 07:49:20
Tastes good,57312,11,a8d79z,https://i.redd.it/gep18etdio521.jpg,292,1545447722.0,,2018-12-22 14:02:02
Will spare me a lot of pain,57236,27,90wt4e,https://i.redd.it/lnah9umk4hb11.jpg,649,1532282890.0,,2018-07-23 04:08:10
Who are these people,57106,20,a1iouk,https://i.imgur.com/LOfoYFM.jpg,1043,1543536794.0,,2018-11-30 11:13:14
Pick your partners wisely,56918,25,b935zh,https://i.redd.it/4qsmcsqgy3q21.jpg,248,1554351694.0,,2019-04-04 15:21:34
Still fun movies though,56876,23,9lo0aa,https://i.redd.it/izwgblxsceq11.jpg,431,1538787056.0,,2018-10-06 10:50:56
This teacher knows what‚Äôs important.,56828,36,a7a5tf,https://i.redd.it/9rcxgllor0521.jpg,454,1545160284.0,,2018-12-19 06:11:24
3000 IQ,56812,7,au0tbl,https://i.redd.it/8ls8wxhv6ei21.jpg,571,1550988806.0,,2019-02-24 17:13:26
"They had us in the first half, not gonna lie.",56686,45,b5e6bz,https://i.redd.it/0ybfbonw2bo21.jpg,412,1553566257.0,,2019-03-26 13:10:57
DeadPool 3: Area 51,56579,19,ci072g,https://i.redd.it/n6irvsi2ylc31.jpg,219,1564158206.0,,2019-07-27 02:23:26
Find you someone like this little dude,56556,38,bq5e7x,https://i.redd.it/ut9hw0hqqzy21.jpg,498,1558223299.0,,2019-05-19 09:48:19
how we share the wealth,56474,23,9t4c7b,https://i.redd.it/nx6u4dmfzlv11.jpg,458,1541058669.0,,2018-11-01 18:51:09
Absolute madwoman,56400,17,acsjq8,https://i.redd.it/tmg98mi5kk821.jpg,778,1546707436.0,,2019-01-06 03:57:16
Really was like that,56336,20,ahyb6r,https://i.redd.it/pg8tr4seelb21.jpg,247,1548025153.0,,2019-01-21 09:59:13
Thousands of people are affected every year.,56332,44,9cnb7o,https://i.redd.it/ogb5vnxr42k11.png,237,1536024019.0,,2018-09-04 11:20:19
Still cant believe its not butter!!,56308,35,b8wo9u,https://i.redd.it/xay3eh71a1q21.jpg,498,1554319264.0,,2019-04-04 06:21:04
additional snacc,56273,16,a0tcz5,https://i.redd.it/q1schzl6fu021.jpg,400,1543340072.0,,2018-11-28 04:34:32
The most fancy dish of all...,56260,29,c99lzy,https://i.redd.it/x0yr35y1pd831.jpg,592,1562314862.0,,2019-07-05 18:21:02
This show was epic!,56239,19,bmhosm,https://i.redd.it/1axn4qm5p5x21.jpg,548,1557423714.0,,2019-05-10 03:41:54
If I have one,56225,13,b8bj3q,https://i.redd.it/fgfge5d5rqp21.png,331,1554191866.0,,2019-04-02 18:57:46
Are these still relevant?,56219,25,arxaot,https://i.redd.it/afek4ud2ybh21.jpg,238,1550525784.0,,2019-02-19 08:36:24
That makes sense...right?,56164,25,aq5qwi,https://i.imgur.com/fjreLL7.jpg,393,1550087118.0,,2019-02-14 06:45:18
Cody is woke,56136,12,93vd1v,https://i.redd.it/wa25ezznbld11.jpg,469,1533205396.0,,2018-08-02 20:23:16
it's still murder.,56091,18,bbynem,https://i.redd.it/bc09wjfucmr21.png,245,1555010310.0,,2019-04-12 05:18:30
She forgot to wear something!,55953,29,aojwih,https://i.redd.it/h381gv1h8ef21.jpg,406,1549681801.0,,2019-02-09 14:10:01
God left the chat,55952,17,a78j9q,https://i.redd.it/2zv1ulrycz421.jpg,401,1545143227.0,,2018-12-19 01:27:07
"No, The Barnacle.",55884,17,8f5wc3,https://i.redd.it/62tr4459cbu01.jpg,144,1524803417.0,,2018-04-27 14:30:17
Caucasian Crack,55809,15,c6i2ml,https://i.redd.it/yd1y4in4f2731.png,1050,1561742591.0,,2019-06-29 03:23:11
Gotta get that side pussy,55721,25,bjgmij,https://i.redd.it/74qzh2swhlv21.jpg,259,1556743292.0,,2019-05-02 06:41:32
The only dude who enjoyed Fyre Festival,55649,39,as48p3,https://i.redd.it/ue1zit0s7fh21.jpg,469,1550565381.0,,2019-02-19 19:36:21
"Thank you, very nice",55480,20,amcjo7,https://i.redd.it/zq5tcok8h4e21.jpg,259,1549127834.0,,2019-02-03 04:17:14
It takes big dick energy Scoob,55375,30,aj2ppq,https://i.redd.it/mi5liwost7c21.jpg,340,1548296679.0,,2019-01-24 13:24:39
But this does put a smile on my face,55347,36,btviqf,https://i.redd.it/pknta0q0nv031.png,568,1559045405.0,,2019-05-28 22:10:05
An inspiring title,55303,18,9dqhfh,https://i.redd.it/127jnrv5mqk11.jpg,312,1536320465.0,,2018-09-07 21:41:05
Good guy Floyd,55108,14,axxxkn,https://i.redd.it/7jvwp2crkhk21.jpg,571,1551901494.0,,2019-03-07 06:44:54
It really do be like that,54987,25,b17wwz,http://imgur.com/0ShFLtt.jpg,750,1552637312.0,,2019-03-15 19:08:32
There is work to be done,54980,24,achrlb,https://i.redd.it/46tnsoj0ie821.jpg,340,1546634185.0,,2019-01-05 07:36:25
NOT NOW I WON‚ÄôT,54978,15,acbemk,https://i.redd.it/0lcd5iqrga821.jpg,282,1546585226.0,,2019-01-04 18:00:26
Why it always Florida man,54879,25,aiyru7,https://i.redd.it/7idxj6y3r5c21.jpg,370,1548271562.0,,2019-01-24 06:26:02
This does put a smile on my face,54843,32,blafy1,https://i.redd.it/7ju2wofajkw21.jpg,229,1557167496.0,,2019-05-07 04:31:36
The duality of man,54839,18,b71e9g,https://i.redd.it/l2gkw00yx3p21.jpg,610,1553915671.0,,2019-03-30 14:14:31
We're not on social media rn,54817,28,ad0se8,https://i.redd.it/4veqab4zgp821.jpg,886,1546766899.0,,2019-01-06 20:28:19
An absolute madlad,54627,18,ahv4wy,https://i.imgur.com/AUpfd0X.jpg,492,1547995497.0,,2019-01-21 01:44:57
Next Level Engineering,54561,22,8ha91c,https://i.redd.it/g7fouc97m3w01.png,258,1525581616.0,,2018-05-06 14:40:16
Iron buns counterattack,54492,23,b2imbl,https://i.redd.it/puv4k8m2ovm21.jpg,282,1552943799.0,,2019-03-19 08:16:39
Sadly relatable üò©,54439,17,bchqy1,https://i.redd.it/0q7nx9fgxvr21.jpg,353,1555126196.0,,2019-04-13 13:29:56
The replies,54409,11,c1r931,https://i.redd.it/rfnlf7vxny431.png,2059,1560825343.0,,2019-06-18 12:35:43
PATROLLED,54325,9,bc9lt4,https://i.redd.it/y49jega8jrr21.jpg,322,1555072984.0,,2019-04-12 22:43:04
Just gonna go warm up my tea.,54217,29,bns3vv,https://i.redd.it/i93re3onntx21.jpg,801,1557713779.0,,2019-05-13 12:16:19
He did the right thing üòÇ,54195,24,akz9q0,https://i.redd.it/7ot8fr14pcd21.jpg,850,1548791486.0,,2019-01-30 06:51:26
"Worship me, I demand it",54033,23,8fqz7b,https://i.redd.it/uzluqj1y9uu01.png,174,1525032684.0,,2018-04-30 06:11:24
they lied to us,54026,15,b0glep,https://i.redd.it/heheba4qqsl21.jpg,753,1552472591.0,,2019-03-13 21:23:11
Never mind I guess...,53996,21,a93ah2,https://i.redd.it/bpj998ghs6621.jpg,455,1545669050.0,,2018-12-25 03:30:50
Why are you like this,53995,21,aim1hb,https://i.redd.it/7y4zem83pyb21.jpg,442,1548186134.0,,2019-01-23 06:42:14
OSHA approved,53939,13,b45t7o,https://i.redd.it/tkskbda0mon21.jpg,305,1553294205.0,,2019-03-23 09:36:45
Come to think of it...,53744,22,9xxg7p,https://i.redd.it/vxc0idngzwy11.jpg,378,1542499390.0,,2018-11-18 11:03:10
"Damn, is it me or is it getting hot?",53687,36,bp7t7t,https://i.redd.it/jfj5vr61vhy21.png,287,1558006822.0,,2019-05-16 21:40:22
The next generation is here,53454,27,aoi93q,https://i.imgur.com/tlEPcbf.gifv,360,1549672386.0,,2019-02-09 11:33:06
"Aye boys, check this",53414,20,bsu2vm,https://i.redd.it/xyeu8cy6sc031.jpg,455,1558817027.0,,2019-05-26 06:43:47
Finish Her!,53402,11,akgfey,https://i.redd.it/53swo0phh1d21.jpg,336,1548655749.0,,2019-01-28 17:09:09
Woooooosh,53385,9,a8u3ux,https://i.redd.it/3yjrdrvym0621.jpg,282,1545594546.0,,2018-12-24 06:49:06
What we have here is a breakdown in communication,53372,49,c4thjk,https://i.redd.it/vy4vngj5qc631.jpg,264,1561431431.0,,2019-06-25 12:57:11
Nobody's here?,53348,14,cc0x83,https://i.redd.it/plvb0swyiq931.jpg,536,1562906055.0,,2019-07-12 14:34:15
HGTV be like,53339,12,8t9wyx,https://i.redd.it/6tdahckk5r511.jpg,1140,1529789206.0,,2018-06-24 07:26:46
Well thanks,53268,11,as4185,https://i.redd.it/n49lak7y3fh21.jpg,216,1550564082.0,,2019-02-19 19:14:42
I'm in danger,53240,13,a5da83,https://i.redd.it/gk11gfiu0r321.png,1019,1544606471.0,,2018-12-12 20:21:11
Work well done üëçüèª,53117,17,aqfki4,https://i.redd.it/eewtkq28igg21.jpg,597,1550145144.0,,2019-02-14 22:52:24
"""Stop sending me this shit.""",53074,28,9mk0ct,https://i.redd.it/fzq26tslj1r11.jpg,185,1539070194.0,,2018-10-09 18:29:54
I‚Äôm ready,53038,9,ae5yf3,https://i.redd.it/azip08afud921.jpg,354,1547061988.0,,2019-01-10 06:26:28
This is so sad,53000,14,b596fb,https://i.redd.it/8qm79cybx8o21.jpg,453,1553540152.0,,2019-03-26 05:55:52
You can't outrun the law Sonic,52945,30,a6k69i,https://i.redd.it/litwh8ro3j421.jpg,530,1544946410.0,,2018-12-16 18:46:50
I doubt it,52930,10,ajmhgm,https://i.redd.it/u7xgsv6loic21.jpg,606,1548428104.0,,2019-01-26 01:55:04
Trickery 100,52914,12,b7xq2o,https://i.imgur.com/s7NCNWQ.jpg,612,1554124266.0,,2019-04-02 00:11:06
*4 brain cells,52900,14,buj6aa,https://i.redd.it/56geb3ble7131.jpg,250,1559187767.0,,2019-05-30 13:42:47
Uhhh....,52888,8,ap3qxx,https://i.redd.it/fwnyk5lypqf21.jpg,417,1549832963.0,,2019-02-11 08:09:23
Speakin some facts in here,52859,26,9z4mvr,https://i.redd.it/sjxzje1fmpz11.png,414,1542846097.0,,2018-11-22 11:21:37
party time,52844,10,afxl08,https://i.redd.it/jszdcq1y2fa21.jpg,484,1547512807.0,,2019-01-15 11:40:07
Yet another meme.,52735,17,9jfbzz,https://i.redd.it/o3yqgnurpto11.jpg,700,1538101329.0,,2018-09-28 12:22:09
Search Bing on Google,52593,21,ay7ovd,https://i.redd.it/x4zi08w22mk21.jpg,380,1551956212.0,,2019-03-07 21:56:52
Mine stays up all might and eats Doritos,52579,40,bbizq7,https://i.redd.it/hn2v0vbxxdr21.jpg,428,1554908474.0,,2019-04-11 01:01:14
Press F,52555,7,9vwemq,https://i.redd.it/ojln56owmjx11.jpg,488,1541901926.0,,2018-11-11 13:05:26
"Good move, humans",52414,17,bwq6xk,https://i.redd.it/maffpcxb1d231.jpg,527,1559691797.0,,2019-06-05 09:43:17
"11 year old shoots home invader, mocks him for ‚Äòcrying like a little baby‚Äô",52221,74,9j1azl,https://i.redd.it/taryp2y39ko11.jpg,1209,1537986764.0,,2018-09-27 04:32:44
It's finger licking bad,52186,23,bo3vyr,https://i.redd.it/bzjg1cxmjzx21.jpg,424,1557785066.0,,2019-05-14 08:04:26
I wasted my time on this dead meme for internet arrows,52122,54,aubppq,https://i.redd.it/5c9v50pulki21.jpg,432,1551066488.0,,2019-02-25 14:48:08
He‚Äôs been thinking hard,52086,23,aopvhx,https://i.redd.it/iyti4jvsmhf21.jpg,295,1549722942.0,,2019-02-10 01:35:42
I guess its one way or another,52066,30,c0ui4u,https://i.redd.it/0w88djbnvg431.png,517,1560610037.0,,2019-06-16 00:47:17
The marvel of human hubris.,52031,27,avlfy7,https://i.redd.it/lwyrfp14u7j21.jpg,266,1551347721.0,,2019-02-28 20:55:21
You have the right to remain silent,52022,35,ciigzw,https://i.redd.it/yizl1u4q1vc31.jpg,150,1564268341.0,,2019-07-28 08:59:01
Good Job Steve!,51998,15,awicvs,https://i.redd.it/uph5s7b8wpj21.jpg,422,1551566366.0,,2019-03-03 09:39:26
Sorry Grandma but its true.,51943,27,atw81q,https://i.redd.it/owx980o80ci21.jpg,283,1550962362.0,,2019-02-24 09:52:42
Perfection,51865,10,8q8bfx,https://i.imgur.com/M36iKWo.jpg,290,1528739819.0,,2018-06-12 03:56:59
"As an IT Admin, I had to create this meme that encapsulates my role",51844,67,bb5xdh,https://i.redd.it/ldz4i6wdl7r21.png,284,1554831652.0,,2019-04-10 03:40:52
Whatttttt sauron whatttttt,51846,26,9v91sd,https://i.redd.it/vdr81akx83x11.jpg,360,1541703514.0,,2018-11-09 05:58:34
"Luk, a plane!",51772,13,b440vv,https://i.redd.it/yewgrp0bqnn21.jpg,342,1553283543.0,,2019-03-23 06:39:03
Not fair man,51695,12,bqrbr6,https://i.redd.it/dfrt9rlewaz21.jpg,749,1558358382.0,,2019-05-20 23:19:42
Just one more video,51609,19,afvis7,https://i.redd.it/7oavb09cyda21.jpg,292,1547499153.0,,2019-01-15 07:52:33
Not again!,51582,10,b6zbif,https://i.redd.it/pdko4vdc33p21.jpg,796,1553905382.0,,2019-03-30 11:23:02
"Dormammu, you will board my boat",51452,32,bkx2gi,https://i.redd.it/2x2j08i2xdw21.jpg,550,1557087383.0,,2019-05-06 06:16:23
"You do you, man",51247,15,770g4h,https://i.redd.it/mfhuoh7zlfsz.jpg,173,1508292890.0,,2017-10-18 13:14:50
Word from the wise,51167,18,aiwnfj,https://i.redd.it/scwydrb354c21.jpg,358,1548252052.0,,2019-01-24 01:00:52
Police officers are so disgusting...,51122,36,chlu8u,https://i.redd.it/cl5x7v5ydfc31.jpg,515,1564078741.0,,2019-07-26 04:19:01
I just realized,51127,15,ad88qg,https://i.redd.it/e4j2wguuju821.png,322,1546828403.0,,2019-01-07 13:33:23
Ban the banned books list,50952,25,7w8yau,https://i.imgur.com/esyyNNf.jpg,1025,1518159421.0,,2018-02-09 17:57:01
Couldn't be more accurate.,50883,26,abazrz,https://i.redd.it/tpvd27rgco721.jpg,286,1546317431.0,,2019-01-01 15:37:11
Life aint bad if ur not him,50772,27,ami7qm,https://i.redd.it/2iphzrxew7e21.jpg,401,1549169255.0,,2019-02-03 15:47:35
Very accurate,50682,13,acze5h,https://i.imgur.com/Yr4f8Gb.jpg,245,1546758127.0,,2019-01-06 18:02:07
I spilt my tea,50672,14,b5p705,https://i.redd.it/eke52k7pkgo21.jpg,474,1553632758.0,,2019-03-27 07:39:18
Is this why I can‚Äôt find him?,50620,29,adg0es,https://i.redd.it/krx15el8xy821.jpg,395,1546881330.0,,2019-01-08 04:15:30
At least we agree on one thing,50565,30,bbjy9e,https://i.redd.it/rwklxuijner21.jpg,1255,1554917085.0,,2019-04-11 03:24:45
Science,50442,7,9uo3ft,https://i.redd.it/fiz28v8zkpw11.jpg,768,1541538068.0,,2018-11-07 08:01:08
This Would Be Me.,50428,17,afjoh8,https://i.redd.it/3n1fu1tc87a21.jpg,620,1547417774.0,,2019-01-14 09:16:14
Can‚Äôt make a sentence with a,50338,28,7ri0bi,https://i.redd.it/43zfigumq0b01.jpg,863,1516393964.0,,2018-01-20 07:32:44
Ha! got em,50316,10,awv2fe,https://i.redd.it/wef47txrbxj21.png,242,1551656341.0,,2019-03-04 10:39:01
remastered xD,50199,13,anodug,https://i.redd.it/g9djfo03iwe21.jpg,355,1549467109.0,,2019-02-07 02:31:49
It would explain a lot,50077,22,bmd6hg,https://i.redd.it/hxjf2y8hz2x21.jpg,1189,1557390891.0,,2019-05-09 18:34:51
Made this in my woodworking class.... got an 11/10.,50056,51,8c1qa5,https://i.redd.it/gxhj8gwk5qr01.jpg,475,1523675227.0,,2018-04-14 13:07:07
How could this have happened,49936,28,95r1qb,https://i.imgur.com/nhXgX8A.jpg,518,1533798331.0,,2018-08-09 17:05:31
"Ahh that's hot, that's real hot",49859,31,a7mdc9,https://i.redd.it/enh8l4r5k8521.jpg,262,1545254610.0,,2018-12-20 08:23:30
This is fashion,49841,15,ciusnj,https://i.redd.it/tno2c9op51d31.jpg,215,1564342318.0,,2019-07-29 05:31:58
I know what to spend my time on.,49820,32,c3y59q,https://i.redd.it/bw6jajktq0631.jpg,334,1561286372.0,,2019-06-23 20:39:32
Hey it's you,49731,12,9g3m8y,https://i.redd.it/t4ls6l6x0gm11.jpg,504,1537063882.0,,2018-09-16 12:11:22
It do be like that,49727,18,acm464,https://i.redd.it/2o5dmlrsrg821.jpg,379,1546661577.0,,2019-01-05 15:12:57
Microtransactions are a problem.,49604,32,9eheai,https://i.imgur.com/XzxPckF.jpg,1500,1536563003.0,,2018-09-10 17:03:23
Unrealistic,49581,11,7lswh6,https://i.redd.it/qut3cy2pes501.jpg,1386,1514113850.0,,2017-12-24 22:10:50
They are all breathtaking pups too,49521,34,byxq8i,https://i.redd.it/ilrnaymk4j331.jpg,203,1560201376.0,,2019-06-11 07:16:16
They did it for you.,49500,20,bkaclr,https://i.redd.it/3k7mvkm3v0w21.jpg,552,1556929330.0,,2019-05-04 10:22:10
Fresh hot n ready,49485,17,af9bnn,https://i.redd.it/9l9dk1why0a21.jpg,404,1547341816.0,,2019-01-13 12:10:16
Oh sorry son I had to work outside the country for you but now I am here,49478,72,bnzubf,https://i.redd.it/253t1wvq8xx21.jpg,273,1557757188.0,,2019-05-14 00:19:48
Correct me if I'm wrong,49420,23,b9kcji,https://i.redd.it/zdh8xs418cq21.jpg,2479,1554451767.0,,2019-04-05 19:09:27
I‚Äôm glad I missed it,49401,20,bmfvhm,https://i.redd.it/qh2o7rf2i4x21.jpg,368,1557409222.0,,2019-05-09 23:40:22
He does have a point,49366,20,a139sz,https://i.redd.it/88dugd62d0121.jpg,933,1543411973.0,,2018-11-29 00:32:53
Fun fact:,49335,9,ajbrny,https://i.redd.it/x4oxu0cw2dc21.jpg,1142,1548360275.0,,2019-01-25 07:04:35
Please don‚Äôt misunderstand this meme,49337,36,8jat79,https://i.redd.it/r4m1xegadsx01.jpg,712,1526317123.0,,2018-05-15 02:58:43
Hmmmmmmm,49238,8,c90fz7,https://i.redd.it/77mnf9pv69831.jpg,413,1562260324.0,,2019-07-05 03:12:04
Checkmate conspiracy theorists,49188,30,7oiz72,https://i.redd.it/td39vryqxf801.jpg,309,1515270411.0,,2018-01-07 07:26:51
